resume_id,category,resume_text
R001,Data Science,"Intern with strong foundation in Python, Pandas, NumPy and scikit-learn. Built a machine learning model for sales forecasting using linear regression and random forest. Familiar with data visualization using matplotlib and Power BI. Coursework in statistics and data analysis."
R002,Data Science,"Computer Science student skilled in Python, SQL and machine learning. Completed a deep learning project using TensorFlow and Keras for image classification. Experience with pandas for data cleaning and Jupyter notebooks for analysis."
R003,Web Development,"Front-end developer with experience in HTML, CSS, JavaScript and React. Built responsive web applications and worked with REST APIs. Familiar with Git and GitHub for version control. Some exposure to Node.js for backend tasks."
R004,Web Development,"Full stack intern with knowledge of JavaScript, React, Node.js and MongoDB. Built a personal portfolio website and a to-do list app using REST APIs. Comfortable with Docker for containerization and basic CI/CD pipelines using Jenkins."
R005,Human Resources,"HR intern with strong communication and interpersonal skills. Assisted in recruitment process, screening resumes and scheduling interviews. Knowledge of HR policies, onboarding procedures and employee engagement activities."
R006,Human Resources,"Business administration student with experience in recruitment and team coordination. Strong communication, leadership and time management skills. Worked on employee onboarding documentation and HR policy drafts."
R007,Marketing,"Marketing intern skilled in digital marketing, SEO and content writing. Managed social media campaigns and analyzed engagement metrics using Excel and Tableau. Some experience with Google Ads and email marketing tools."
R008,Marketing,"Communications student with experience in content writing, SEO and social media strategy. Assisted in running digital marketing campaigns and preparing performance reports using Excel."
R009,Data Science,"Statistics graduate with skills in R, Python and data visualization. Performed exploratory data analysis and built dashboards in Tableau. Basic understanding of machine learning algorithms and natural language processing."
R010,Web Development,"Backend developer intern experienced in Java, Spring Boot and MySQL. Built REST APIs and worked with Git for version control. Basic knowledge of Docker and AWS for deployment."
R011,Human Resources,"HR management student with skills in communication, recruitment and conflict resolution. Assisted with employee records management and onboarding new hires."
R012,Marketing,"Digital marketing intern with hands-on experience in SEO, content writing and social media management. Familiar with basic data analysis using Excel to track campaign performance."
R013,Data Science,"Software engineering student with Python, SQL and machine learning skills. Worked on a customer churn prediction project using scikit-learn and pandas. Comfortable presenting findings using matplotlib and Power BI."
R014,Web Development,"Frontend intern skilled in HTML, CSS, JavaScript, React and Figma for UI design. Built and deployed a responsive e-commerce landing page. Basic familiarity with testing and unit testing practices."
R015,Human Resources,"Psychology graduate with strong communication and problem solving skills, interested in HR policies, recruitment and employee engagement. No prior technical experience."
